ID	IDServices	Num Services	Hini	Hfin	Distance	Service Time	Travel Time	Waiting time
1	16525.6.09:30.150/0-40239.6.12:40.60/0-35240.6.13:50.30/0-19852.6.20:20.30/0-4437.6.21:00.30/1-	5	09:30:43	21:00:43	3.0720607470672816E7	0.005	2.0194990224272016	361.00036666666665
2	29825.6.09:00.60/0-2287.6.12:25.60/0-19852.6.20:20.30/1-4437.6.21:00.30/0-	4	09:00:43	21:00:43	3.066298645672932E7	0.003	6.099865224310629	387.99983333333336
3	42985.6.09:00.60/0-36454.6.12:10.30/0-11990.6.13:30.30/0-1108.6.18:30.120/0-1602.6.20:55.60/0-	5	09:00:43	20:42:43	2.9508872981039878E7	0.005	7.630049367995891	247.99951666666666
4	35013.6.09:10.60/0-37133.6.10:50.60/0-40237.6.19:10.30/0-40239.6.19:40.30/0-7351.6.20:50.60/0-	5	09:10:43	20:42:43	2.9492673805983447E7	0.004	7.089743532781595	307.99968333333334
5	21097.6.08:00.120/0-42840.6.11:30.60/0-24977.6.19:40.60/0-43332.6.21:00.60/0-	4	08:00:43	20:53:43	2.9453952319152307E7	0.005	7.797227305076915	307.00058333333334
6	28449.6.08:00.60/0-28348.6.09:15.30/0-28438.6.10:30.60/0-1027.6.13:55.30/0-5962.6.19:50.60/0-41144.6.21:00.30/0-	6	08:00:43	20:53:43	2.942582054302625E7	0.0045	8.862134767541637	275.99926666666664
7	9555.6.09:00.60/0-39794.6.11:30.60/0-32970.6.20:15.30/0-5819.6.21:20.30/0-	4	09:00:43	21:13:43	2.932559681814636E7	0.003	7.519210604878741	365.00033333333334
8	34241.6.08:00.60/0-6940.6.10:00.60/0-19633.6.20:10.30/0-15696.6.21:00.30/0-	4	08:00:43	20:57:43	2.8422940992242314E7	0.003	9.431916408077068	348.99971666666664
9	43046.6.08:50.60/0-8440.6.10:10.30/0-34049.6.12:35.60/0-36821.6.14:00.60/0-29078.6.20:00.60/0-	5	08:50:43	15:47:43	2.834234693636353E7	0.0045	6.743547878784349	259.0006666666667
10	45695.6.08:00.30/1-33904.6.08:45.60/0-37154.6.11:10.60/0-53292.6.14:30.45/0-3927.6.19:30.60/0-36635.6.21:00.30/0-	6	08:00:43	20:59:43	2.8039954399218604E7	0.00475	10.665429973953488	206.99985
11	28016.6.08:30.30/0-32903.6.09:45.30/0-37874.6.12:30.60/0-37175.6.13:45.30/0-7612.6.14:35.30/0-52798.6.16:00.240/0-23731.6.20:10.30/0-24257.6.20:55.30/0-	8	08:30:43	20:53:43	2.7830368221525118E7	0.008	9.448055858948646	8.99975
12	3233.6.08:30.60/0-29444.6.10:00.30/0-38079.6.10:45.60/0-34934.6.13:15.30/0-48331.6.19:50.30/0-53292.6.20:30.45/0-	6	08:30:43	20:25:43	2.7670644759226155E7	0.00425	8.353575307538431	262.00061666666664
13	36001.6.09:00.30/0-13373.6.11:10.30/0-5759.6.11:55.60/0-6841.6.14:00.60/0-30805.6.20:10.30/0-42978.6.21:30.30/1-	6	09:00:43	21:25:43	2.753909605800888E7	0.004	9.970551933629393	243.99965
14	39774.6.07:55.60/0-46259.6.10:10.30/0-38366.6.11:00.60/0-5846.6.13:30.30/0-46259.6.19:40.30/0-16525.6.20:30.30/0-	6	07:55:43	20:30:43	2.6922311687231407E7	0.004	9.41000624104695	264.0001833333333
15	9704.6.09:05.30/0-33484.6.09:40.30/0-44128.6.12:30.120/0-32425.6.19:05.30/0-9021.6.20:00.30/0-33302.6.21:00.60/0-	6	09:05:43	20:59:43	2.68839690285257E7	0.005	10.132117617523324	173.00008333333332
16	26270.6.10:10.60/0-1478.6.12:35.30/0-36451.6.13:15.90/0-36677.6.19:40.60/0-38986.6.21:30.30/0-	5	10:10:43	21:20:43	2.6730795313093953E7	0.0045	7.027727103131765	231.99938333333333
17	2876.6.09:40.60/0-33011.6.11:40.30/0-5648.6.13:00.60/0-49765.6.14:30.60/0-40240.6.19:10.60/0-276.6.20:50.30/0-	6	09:40:43	20:46:43	2.6720702799680594E7	0.005	6.691209989353045	201.99943333333334
18	35374.6.08:40.30/0-28318.6.10:20.30/0-26264.6.12:05.60/0-23500.6.14:30.30/0-1481.6.19:15.60/0-276.6.20:50.30/1-	6	08:40:43	20:27:43	2.6692486034060124E7	0.004	9.751251135337505	229.99913333333333
19	45581.6.09:30.60/0-50228.6.11:40.60/0-5255.6.20:00.30/0-1785.6.20:55.30/0-	4	09:30:43	20:54:43	2.6202869592833094E7	0.003	7.428436427769916	313.0002666666667
20	32370.6.09:15.30/0-37298.6.10:00.30/0-26400.6.11:30.60/0-15339.6.13:30.30/0-1240.6.19:25.60/0-36409.6.21:30.30/0-	6	09:15:43	21:24:43	2.610747809002356E7	0.004	10.249886334118642	219.99968333333334
21	5846.6.08:00.60/0-4797.6.09:50.30/0-5215.6.12:30.60/0-42825.6.14:35.30/0-36693.6.19:00.120/0-	5	08:00:43	16:07:43	2.5619994611685015E7	0.005	10.000170389500456	181.99981666666667
22	17997.6.11:00.60/0-5211.6.13:00.60/0-34456.6.18:00.60/0-35374.6.20:20.30/0-26232.6.21:00.60/0-	5	11:00:43	20:51:43	2.555906240307251E7	0.0045	5.9670301024168895	213.00085
23	32169.6.07:55.60/0-21191.6.09:05.30/0-6255.6.11:40.30/0-25933.6.19:50.60/0-27062.6.21:00.60/0-	5	07:55:43	21:00:43	2.5390170796150796E7	0.004	12.33724320502658	237.00088333333332
24	24976.6.09:00.60/1-2408.6.11:15.60/0-38920.6.13:15.30/0-19773.6.20:10.30/0-7428.6.21:00.30/0-	5	09:00:43	20:58:43	2.529540549335283E7	0.0035	9.180733111761073	266.99971666666664
25	12356.6.08:30.60/0-38986.6.12:00.60/0-2687.6.20:00.30/0-29031.6.20:40.30/0-	4	08:30:43	20:39:43	2.506854647852238E7	0.003	9.617532617412724	293.00033333333334
26	4034.6.00:00.60/0-9366.6.09:00.30/1-12901.6.12:00.60/0-	3	00:00:43	11:59:43	2.4793019966111206E7	0.0025	10.434215537040231	317.99988333333334
27	5255.6.07:30.60/0-32895.6.08:55.60/0-6908.6.11:30.60/0-3774.6.12:50.30/0-9366.6.13:30.30/0-47955.6.17:50.60/0-12614.6.19:30.30/0-37369.6.20:30.30/0-	8	07:30:43	20:12:43	2.4412366491317708E7	0.006	11.535878797826964	101.0002
28	12614.6.08:00.30/1-34711.6.08:30.30/0-43730.6.11:00.60/0-6538.6.12:45.30/0-30131.6.16:00.240/0-4397.6.21:30.30/1-	6	08:00:43	21:26:43	2.4353266991440862E7	0.007	13.775683048028794	8.999933333333333
29	7423.6.08:40.60/0-4797.6.10:00.30/0-934.6.12:30.60/0-16278.6.14:05.30/0-1410.6.14:40.30/0-4351.6.18:30.30/0-36723.6.19:40.30/0-35240.6.20:20.30/0-	8	08:40:43	20:13:43	2.427485589044293E7	0.005	9.097138818764549	159.99943333333334
30	43480.6.10:45.120/0-4061.6.13:15.60/0-40692.6.14:15.60/0-1173.6.19:30.30/0-5242.6.20:30.30/0-	5	10:45:43	20:28:43	2.427372964661345E7	0.005	3.1231715537816767	223.00056666666666
31	4179.6.08:00.60/0-33470.6.11:20.60/0-34711.6.19:45.30/0-1027.6.20:20.30/0-	4	08:00:43	20:20:43	2.4134587115385436E7	0.003	10.486553846181067	276.99983333333336
32	52389.6.10:30.90/0-29033.6.13:00.60/0-2484.6.18:20.30/0-1014.6.19:00.30/0-52660.6.19:40.60/0-	5	10:30:43	19:33:43	2.406311595469152E7	0.0045	4.104581823050754	218.99963333333332
33	10001.6.08:00.60/0-43556.6.12:00.60/0-12409.6.19:10.30/0-16278.6.19:45.30/0-17592.6.21:30.30/0-	5	08:00:43	21:28:43	2.3968029809907585E7	0.0035	12.936143663586268	242.99908333333335
34	35325.6.09:20.120/0-46213.6.12:55.60/0-53274.6.17:30.150/0-2177.6.20:50.30/0-	4	09:20:43	20:48:43	2.3965504460091848E7	0.006	6.851198669728423	155.99946666666668
35	1327.6.08:10.30/0-12493.6.09:00.30/0-9253.6.09:40.60/0-26668.6.13:00.30/0-3796.6.18:30.60/0-5876.6.19:45.30/0-36891.6.20:30.60/0-	7	08:10:43	20:28:43	2.378373709049992E7	0.005	12.790186349997192	120.00051666666667
36	15765.6.08:00.60/0-33302.6.10:10.60/0-1481.6.11:50.120/0-19852.6.14:30.30/0-15244.6.17:35.60/0-9366.6.18:45.30/1-7527.6.20:15.60/0-	7	08:00:43	20:15:43	2.3631182010786608E7	0.007	11.704250359553567	28.0009
37	3601.6.00:00.60/0-53256.6.08:00.60/0-8255.6.10:00.30/0-52399.6.11:15.30/0-	4	00:00:43	11:15:43	2.3538336727554962E7	0.003	8.611074251831983	268.00006666666667
38	268.6.09:05.60/0-36635.6.10:20.60/0-52453.6.12:00.180/0-26668.6.17:00.30/0-11479.6.19:20.30/0-38366.6.20:20.30/0-30193.6.21:30.30/0-	7	09:05:43	21:28:43	2.3432503846832577E7	0.007	11.082978227752633	25.000233333333334
39	2635.6.09:05.60/0-37139.6.10:15.60/0-4271.6.11:45.120/0-16589.6.14:10.60/0-27064.6.19:05.30/1-45208.6.20:50.30/0-	6	09:05:43	20:49:43	2.3215453825057022E7	0.006	9.848544168567402	81.99995
40	3631.6.09:10.120/0-7786.6.12:00.30/0-22791.6.19:45.30/0-22792.6.20:15.30/0-	4	09:10:43	20:15:43	2.305499105258346E7	0.0035	6.500785086115289	290.99945
41	6262.6.08:00.60/0-27902.6.11:00.60/0-22182.6.18:00.120/0-32895.6.20:30.30/0-	4	08:00:43	20:26:43	2.30240118397601E7	0.0045	11.467811325336529	167.99961666666667
42	27682.6.08:15.60/0-36899.6.10:20.60/0-29020.6.12:30.120/0-32895.6.16:10.30/0-27064.6.19:05.30/0-39774.6.19:50.60/0-43678.6.21:00.60/0-	7	08:15:43	20:56:43	2.2774709122016247E7	0.007	13.156987400541455	12.999983333333333
43	11755.6.10:45.120/0-5291.6.13:15.60/0-12614.6.19:30.30/1-37175.6.20:40.30/0-	4	10:45:43	20:39:43	2.2749055547960404E7	0.004	4.302268265346876	256.9997833333333
44	27889.6.09:00.60/0-28478.6.10:15.90/0-53050.6.12:00.120/0-30235.6.17:00.30/0-25070.6.18:20.30/0-17886.6.19:30.30/0-15342.6.20:45.30/0-	7	09:00:43	20:43:43	2.2685168033434816E7	0.0065	10.172684447827132	42.99978333333333
45	47794.6.09:40.60/0-23731.6.13:20.30/0-276.6.13:55.30/0-41144.6.18:00.30/0-47514.6.19:30.30/0-34355.6.20:30.60/0-	6	09:40:43	20:04:43	2.2541180594683655E7	0.004	9.374036489455142	190.99931666666666
46	16500.6.08:00.60/0-28223.6.11:00.60/0-9442.6.20:10.90/0-	3	08:00:43	16:34:43	2.2532493464033023E7	0.0035	13.082198801100684	219.00045
47	28841.6.09:00.120/0-50106.6.13:30.60/0-833.6.18:45.60/0-31419.6.21:00.30/0-	4	09:00:43	20:45:43	2.252067409991342E7	0.0045	8.689653330447406	220.99973333333332
48	29078.6.09:00.60/0-36409.6.10:20.30/0-5962.6.11:30.60/0-16589.6.14:10.60/1-23219.6.18:30.60/0-43630.6.21:15.30/0-	6	09:00:43	21:13:43	2.2418453765603885E7	0.005	11.282708853462866	127.99953333333333
49	6841.6.09:10.60/0-48436.6.10:20.60/0-5503.6.12:10.120/0-52497.6.14:20.30/0-39794.6.17:30.60/0-27889.6.19:30.30/0-26579.6.20:45.30/0-	7	09:10:43	20:24:43	2.2380233860917643E7	0.0065	10.007478697254708	38.00015
50	268.6.09:05.60/1-5242.6.10:45.30/0-43807.6.12:30.60/0-24207.6.14:15.60/0-50101.6.19:00.60/0-52075.6.21:00.30/0-	6	09:05:43	20:50:43	2.2221808441526577E7	0.005	10.728464717552493	124.99923333333334
51	13084.6.08:45.60/0-7529.6.10:40.30/0-26525.6.12:40.60/0-33054.6.15:00.30/0-4602.6.20:20.60/0-	5	08:45:43	17:22:43	2.1996049311255682E7	0.004	11.201760375189421	180.99993333333333
52	9740.6.08:00.30/0-3962.6.09:00.30/0-27648.6.11:30.60/0-47784.6.14:00.30/0-36402.6.19:00.60/0-346.6.20:15.30/0-	6	08:00:43	20:14:43	2.1977323671892975E7	0.004	12.577705729765798	149.99986666666666
53	32970.6.08:00.60/0-30031.6.09:40.30/0-40546.6.10:15.30/1-53343.6.12:00.120/0-16255.6.17:45.60/0-4302.6.20:00.30/0-	6	08:00:43	19:57:43	2.1931499272742935E7	0.0055	11.04975909143114	90.0001
54	36788.6.10:10.150/0-36935.6.13:20.30/0-36723.6.14:10.30/0-48436.6.19:00.60/0-268.6.21:00.30/0-	5	10:10:43	20:59:43	2.188954065914107E7	0.005	5.651805304702496	211.99976666666666
55	8858.6.09:00.30/0-34355.6.12:30.60/0-2240.6.19:00.60/0-4179.6.21:00.30/0-	4	09:00:43	20:59:43	2.184258719537657E7	0.003	12.086056512552476	208.00008333333332
56	16800.6.10:10.60/0-53123.6.12:20.60/0-11744.6.19:30.30/0-37369.6.21:30.30/0-	4	10:10:43	21:26:43	2.1538063085468784E7	0.003	9.934319515626216	234.00055
57	3460.6.08:00.30/0-2429.6.10:05.60/0-15641.6.12:10.120/0-1637.6.15:20.30/0-32370.6.18:45.30/0-33517.6.20:00.90/0-	6	08:00:43	19:43:43	2.143150837988191E7	0.006	14.383162662730411	20.000216666666667
58	47448.6.10:25.60/0-14039.6.12:30.30/0-276.6.13:55.30/1-5215.6.18:40.60/0-24725.6.20:20.30/0-	5	10:25:43	20:18:43	2.1335130265368517E7	0.0035	7.170792178950592	202.0001
59	6180.6.08:55.60/0-38915.6.10:40.30/0-1027.6.11:40.30/0-53153.6.13:00.120/0-40738.6.18:00.60/0-32903.6.19:30.30/0-36921.6.21:00.60/0-	7	08:55:43	20:55:43	2.125893127109227E7	0.0065	12.63085903640902	18.000083333333333
60	8996.6.09:50.60/0-37318.6.12:00.60/0-11744.6.19:30.30/1-29566.6.20:40.30/0-	4	09:50:43	20:38:43	2.1153505812996052E7	0.003	9.117810433201862	227.99951666666666
61	30512.6.10:15.60/0-4022.6.11:45.60/0-43191.6.15:15.240/0-5846.6.20:30.30/0-	4	10:15:43	20:17:43	2.1118783168661483E7	0.0065	7.959155622049404	18.000133333333334
62	9173.6.09:00.60/0-22621.6.10:15.60/0-7590.6.12:00.120/0-8858.6.14:10.30/0-24083.6.15:15.30/0-28478.6.19:30.90/0-	6	09:00:43	19:23:43	2.107640704517848E7	0.0065	10.54628483928279	16.0003
63	19773.6.08:40.60/0-8255.6.12:30.30/0-52314.6.13:30.30/0-46840.6.19:00.30/0-9704.6.21:00.30/0-	5	08:40:43	21:00:43	2.0830704496595323E7	0.003	12.355899886510723	221.00045
64	48153.6.08:10.30/0-35796.6.09:30.60/0-33517.6.11:00.90/0-25281.6.13:30.60/0-32116.6.14:45.30/0-29753.6.18:30.30/0-25752.6.21:20.30/0-	7	08:10:43	21:19:43	2.0616505588825144E7	0.0055	15.216869627504785	35.99998333333333
65	31338.6.08:45.30/0-23943.6.09:50.30/0-13454.6.12:45.120/0-36488.6.19:00.90/0-27336.6.21:00.30/0-	5	08:45:43	20:59:43	2.056101281943937E7	0.005	13.365710647979034	66.00068333333333
66	38920.6.08:00.60/0-6283.6.09:30.30/0-33448.6.10:00.30/0-3742.6.11:20.120/0-26672.6.17:30.60/0-36001.6.21:00.30/0-	6	08:00:43	20:57:43	2.0398141032380603E7	0.0055	13.938517746020132	62.99975
67	25752.6.09:10.60/0-27084.6.11:15.90/0-24083.6.19:50.30/0-9261.6.20:50.30/0-	4	09:10:43	20:50:43	2.0200645300537415E7	0.0035	11.355426684580447	180.9997
68	50458.6.07:15.30/0-34456.6.09:00.30/0-26790.6.12:00.60/0-47514.6.14:30.30/0-16676.6.18:10.30/0-5948.6.19:30.30/0-32002.6.20:30.30/0-4948.6.21:15.30/0-	8	07:15:43	21:15:43	2.013635098455093E7	0.0045	16.952061564341193	87.00016666666667
69	3796.6.10:45.120/0-3210.6.14:00.60/0-40192.6.19:00.30/0-30703.6.19:40.30/0-	4	10:45:43	19:39:43	1.997598466118918E7	0.004	3.8658053729727446	211.00016666666667
70	15046.6.08:10.45/0-10423.6.10:30.60/0-15244.6.12:35.120/0-24701.6.14:40.30/0-2460.6.17:30.30/0-4193.6.19:00.30/0-9473.6.20:00.30/0-	7	08:10:43	19:57:43	1.9576926523624413E7	0.00575	12.563067454146966	20.000566666666668
71	27550.6.09:15.60/0-43332.6.13:30.60/0-25858.6.17:30.120/0-34362.6.21:00.60/0-	4	09:15:43	20:58:43	1.952732362551011E7	0.005	12.912037517003757	78.99936666666666
72	7016.6.10:20.60/0-36766.6.11:40.60/0-26264.6.19:10.60/0-45695.6.21:15.30/0-	4	10:20:43	21:12:43	1.927080485765502E7	0.0035	10.360311921834032	165.99991666666668
73	12775.6.10:05.60/0-45260.6.12:50.60/0-37139.6.18:50.60/0-53256.6.21:00.60/0-	4	10:05:43	20:59:43	1.9124498421219435E7	0.004	11.48306404064783	133.0001
74	26406.6.09:00.60/0-36921.6.10:15.60/0-45591.6.12:20.120/0-31302.6.16:50.30/0-24976.6.18:00.30/1-6493.6.19:30.30/0-6927.6.20:15.30/0-	7	09:00:43	20:15:43	1.905553074528633E7	0.006	11.185308176211079	11.999516666666667
75	38848.6.09:00.60/0-6096.6.12:00.60/0-2460.6.18:50.30/0-22492.6.20:15.30/0-	4	09:00:43	20:12:43	1.905419403313184E7	0.003	11.13971777106133	192.00003333333333
76	45208.6.07:55.60/0-3942.6.09:30.60/0-48234.6.11:15.120/0-7786.6.15:00.30/0-26700.6.20:30.60/0-	5	07:55:43	20:11:43	1.9046064872198902E7	0.0055	14.866979073296811	40.00091666666667
77	2832.6.00:00.90/0-28361.6.08:00.30/0-28443.6.09:15.30/0-27277.6.10:30.30/0-11100.6.13:00.30/0-	5	00:00:43	12:59:43	1.889300345800992E7	0.0035	13.767665266997454	187.99955
78	37369.6.08:35.30/1-40192.6.09:30.30/0-43687.6.12:30.60/0-48900.6.14:30.30/0-37282.6.18:20.30/0-36732.6.20:30.60/0-	6	08:35:43	20:29:43	1.8801361250997502E7	0.004	14.712491699916725	95.99976666666667
79	29031.6.08:00.30/0-29753.6.09:10.30/0-42978.6.10:30.30/0-9326.6.12:30.120/0-26668.6.19:00.30/0-28361.6.20:30.30/0-	6	08:00:43	20:29:43	1.8689298571971066E7	0.0045	14.97593573236885	64.00033333333333
80	12055.6.10:00.60/0-7796.6.13:40.60/0-2057.6.14:45.30/0-40693.6.19:00.30/0-53343.6.20:00.60/0-	5	10:00:43	19:51:43	1.8655741271352697E7	0.004	9.858592378423207	125.99971666666667
81	28361.6.08:00.30/1-27798.6.09:00.30/0-33061.6.12:55.60/0-9021.6.14:10.30/0-13160.6.15:30.30/0-37332.6.17:00.60/0-52314.6.19:15.30/0-10049.6.19:55.30/0-	8	08:00:43	19:47:43	1.8477883290797066E7	0.005	13.887668187990359	30.999683333333333
82	16500.6.08:00.60/1-6493.6.12:10.60/0-26163.6.19:50.30/0-39089.6.21:00.30/0-	4	08:00:43	20:50:43	1.7920481831152946E7	0.003	15.349177705098251	171.0001
83	46213.6.07:55.30/0-39522.6.09:50.30/0-29566.6.11:00.60/0-4797.6.14:00.30/0-24945.6.14:35.30/0-29646.6.17:45.30/0-23500.6.18:30.30/0-52497.6.20:00.30/0-	8	07:55:43	19:59:43	1.7778577787298128E7	0.0045	13.630358274269907	48.999766666666666
84	37061.6.08:30.60/0-26456.6.10:55.60/0-25858.6.12:40.120/0-6153.6.16:15.60/0-36766.6.19:30.30/0-	5	08:30:43	19:24:43	1.77420747913446E7	0.0055	11.402443044820092	20.000016666666667
85	34879.6.10:00.120/0-48331.6.13:20.30/0-9473.6.14:45.30/0-36821.6.18:40.30/0-34711.6.19:30.30/0-	5	10:00:43	19:23:43	1.759198055846184E7	0.004	6.398935282061322	170.0002
86	45655.6.09:00.60/0-26729.6.11:15.30/0-27550.6.12:30.30/0-33070.6.20:15.60/0-	4	09:00:43	17:34:43	1.737377008388865E7	0.003	13.126152796288274	162.99975
87	36677.6.09:10.120/0-37280.6.12:25.60/0-26959.6.16:00.180/0-268.6.21:00.30/1-	4	09:10:43	20:59:43	1.720010627837967E7	0.0065	11.33562594598896	11.000616666666666
88	3872.6.10:00.240/0-22234.6.14:15.60/0-47784.6.18:30.30/0-23943.6.19:15.30/0-48984.6.21:00.60/0-	5	10:00:43	21:00:43	1.7120223120115608E7	0.007	6.673920670520177	102.00008333333334
89	21139.6.00:00.60/0-28619.6.08:00.30/0-11746.6.10:00.60/0-	3	00:00:43	09:59:43	1.7061471801667154E7	0.0025	10.71757672223846	188.99906666666666
90	40055.6.10:00.90/0-42978.6.14:00.30/0-7428.6.14:45.30/0-9600.6.19:00.30/0-4397.6.21:30.30/0-	5	10:00:43	21:28:43	1.68579250321053E7	0.0035	11.932651070176728	154.99908333333335
91	8512.6.09:50.150/0-47062.6.13:25.30/0-33994.6.15:00.30/0-23280.6.18:25.60/0-31302.6.21:30.30/0-	5	09:50:43	21:24:43	1.68072997060779E7	0.005	10.242306869263333	125.0005
92	20107.6.09:30.120/0-4351.6.12:30.30/0-36693.6.13:30.120/0-5846.6.17:00.60/0-53150.6.20:30.30/0-	5	09:30:43	20:26:43	1.6797417106632706E7	0.006	9.914320221090266	34.99978333333333
93	9861.6.10:00.60/0-7493.6.13:00.60/0-25097.6.17:50.60/0-28619.6.21:00.30/0-	4	10:00:43	20:58:43	1.6326197007361416E7	0.0035	12.206183578713874	116.00018333333334
94	31865.6.10:20.60/0-28715.6.12:30.60/0-52399.6.19:00.60/0-7821.6.21:00.30/0-	4	10:20:43	20:58:43	1.6246737019117592E7	0.0035	11.55848397058639	114.9997
95	45695.6.08:00.30/0-28105.6.10:30.60/0-28348.6.12:00.60/0-22299.6.16:30.30/0-1637.6.18:00.30/0-1014.6.19:00.30/1-13129.6.20:55.30/0-	7	08:00:43	20:55:43	1.5939969044523973E7	0.0045	17.332451484132402	16.999916666666667
96	9573.6.07:50.60/0-52452.6.09:30.60/0-8318.6.12:25.120/0-26729.6.19:00.30/0-28478.6.20:15.30/0-	5	07:50:43	20:14:43	1.558490783723647E7	0.005	15.49614457454903	12.000383333333334
97	33302.6.10:10.60/1-42825.6.11:20.60/0-13677.6.13:20.120/0-7786.6.17:50.30/0-36821.6.20:20.30/0-	5	10:10:43	20:20:43	1.556781606903224E7	0.005	10.926752301074707	14.000216666666667
98	6940.6.10:00.60/1-32169.6.14:00.30/0-46259.6.15:20.30/0-1999.6.18:10.60/0-5211.6.20:10.30/0-	5	10:00:43	20:07:43	1.5390091973356007E7	0.0035	11.002649111866887	101.0002
99	47820.6.09:25.45/0-43174.6.11:00.30/0-27854.6.12:00.120/0-43730.6.18:20.30/0-2177.6.20:50.30/1-	5	09:25:43	20:48:43	1.512763129731719E7	0.00425	14.255259910572969	34.99955
100	3333.6.07:50.60/0-29206.6.09:40.30/0-19633.6.10:40.30/0-5488.6.11:15.120/0-52660.6.13:40.60/0-	5	07:50:43	13:37:43	1.4924490191859966E7	0.005	3.483423061998851	6.999783333333333
101	50101.6.08:00.60/0-16480.6.09:30.60/0-50102.6.11:50.120/0-23280.6.14:00.60/0-	4	08:00:43	14:00:43	1.48751508948588E7	0.005	3.838679828626618	5.999833333333333
102	24701.6.08:30.30/0-7821.6.09:15.60/0-24391.6.10:30.60/1-50194.6.12:15.90/0-	4	08:30:43	11:45:43	1.4741115942859026E7	0.004	1.3706147619675355	34.99995
103	25958.6.08:15.60/0-28478.6.10:20.60/0-25881.6.12:00.60/0-45556.6.13:30.30/0-37133.6.19:30.30/0-33078.6.21:15.30/0-	6	08:15:43	21:15:43	1.4676520848853951E7	0.0045	17.218011628465014	25.999666666666666
104	3402.6.11:00.150/0-15855.6.13:55.30/0-21472.6.18:00.60/0-47746.6.20:10.30/0-	4	11:00:43	20:07:43	1.4473351667780649E7	0.0045	6.44573892602165	117.99965
105	23500.6.08:30.30/0-43124.6.11:30.30/0-9253.6.14:30.60/0-38848.6.17:30.30/0-18097.6.19:00.30/0-49765.6.20:15.60/0-	6	08:30:43	20:08:43	1.4425997664908998E7	0.004	16.86740549696658	21.999583333333334
106	29460.6.09:15.60/0-40738.6.12:30.60/0-6538.6.20:15.60/0-	3	09:15:43	18:27:43	1.4230758412499197E7	0.003	14.359163749973273	109.99971666666667
107	43672.6.08:30.30/0-5996.6.11:50.60/0-53150.6.14:30.30/0-16289.6.17:30.30/0-46840.6.19:00.30/1-29815.6.20:20.30/0-29451.6.21:30.30/0-	7	08:30:43	21:30:43	1.4117310836318785E7	0.004	18.57774454395946	15.999633333333334
108	7882.6.09:00.60/0-24391.6.10:30.60/0-46753.6.12:00.90/0-16688.6.17:00.30/0-35985.6.19:15.30/0-	5	09:00:43	19:13:43	1.392042051715267E7	0.0045	12.013300571755737	16.00035
109	32348.6.10:15.60/0-25668.6.11:25.45/0-52075.6.13:30.60/0-8255.6.17:00.30/0-8440.6.17:45.30/0-19790.6.20:00.45/0-	6	10:15:43	19:59:43	1.355341248846521E7	0.0045	11.781032948840295	9.999683333333333
110	6237.6.08:00.30/0-31419.6.08:45.60/0-52399.6.10:15.90/0-2240.6.13:00.60/0-	4	08:00:43	12:59:43	1.3489680823278146E7	0.004	3.654910775938185	13.00055
111	9600.6.08:00.30/0-16589.6.09:00.60/1-3496.6.10:50.120/0-41144.6.14:00.30/0-	4	08:00:43	13:59:43	1.3459429846681701E7	0.004	4.6475782227233715	12.000033333333333
112	1902.6.08:30.30/1-52429.6.09:30.60/0-52261.6.10:50.90/0-615.6.12:40.60/1-	4	08:30:43	12:36:43	1.3320689133568339E7	0.004	2.023521118944639	10.999716666666666
113	28619.6.08:00.30/1-27155.6.08:45.60/0-37098.6.10:00.90/0-50106.6.13:45.60/0-	4	08:00:43	13:44:43	1.3238381534030374E7	0.004	5.280534467679157	7.999416666666667
114	33994.6.08:00.60/0-33654.6.09:30.60/0-29646.6.11:00.90/0-17602.6.13:30.60/0-	4	08:00:43	13:26:43	1.3076068370778441E7	0.0045	5.805651872255365	5.99925
115	47746.6.10:00.60/0-24083.6.13:30.30/0-33070.6.15:00.60/0-11990.6.18:15.30/0-26525.6.19:50.60/0-	5	10:00:43	19:47:43	1.3040453389404692E7	0.004	12.681529646823055	31.000116666666667
116	36998.6.08:50.60/0-33727.6.10:05.60/0-46135.6.11:15.120/0-5242.6.13:30.30/0-	4	08:50:43	13:29:43	1.299638634754603E7	0.0045	1.2130949182009891	5.999883333333333
117	12280.6.11:00.60/0-28318.6.16:00.30/0-50104.6.18:30.30/0-17285.6.19:30.30/0-52453.6.20:30.90/0-	5	11:00:43	20:09:43	1.2992283598859038E7	0.004	13.077203295301256	29.99945
118	35327.6.09:00.60/0-47827.6.10:10.60/0-10049.6.11:25.90/0-9172.6.13:05.60/0-	4	09:00:43	13:03:43	1.2990798423719175E7	0.0045	1.026597457305824	6.0
119	13497.6.08:15.30/0-27336.6.11:30.30/0-26446.6.12:40.90/0-9366.6.18:45.30/0-33011.6.20:30.30/0-	5	08:15:43	20:26:43	1.295016634138687E7	0.0035	17.67252804622896	26.999833333333335
120	53150.6.09:00.60/0-31527.6.11:15.60/0-27889.6.14:00.30/0-8255.6.19:30.30/0-24701.6.20:45.30/0-	5	09:00:43	20:42:43	1.2711803425822621E7	0.0035	15.727097527420678	53.999833333333335
121	27634.6.08:00.60/0-23280.6.11:45.30/0-35326.6.14:00.60/0-38920.6.17:30.30/0-8440.6.19:00.30/0-38920.6.20:30.30/0-	6	08:00:43	20:29:43	1.2699257147720769E7	0.004	17.309021590692318	22.999766666666666
122	5648.6.08:30.60/0-32986.6.10:20.45/0-37029.6.11:20.90/0-1173.6.13:00.60/0-	4	08:30:43	13:00:43	1.2601847186608339E7	0.00425	2.062822886944655	13.999366666666667
123	53182.6.10:30.120/0-37369.6.14:35.30/1-48900.6.19:00.30/0-5242.6.20:30.30/1-	4	10:30:43	20:25:43	1.2429232011916324E7	0.0035	10.306683730544096	112.00051666666667
124	52075.6.08:00.30/0-27220.6.10:30.30/0-29566.6.13:20.60/0-24701.6.17:00.30/0-42825.6.19:40.30/0-35061.6.20:20.30/0-	6	08:00:43	20:19:43	1.2249057229967084E7	0.0035	18.301924332236098	14.999983333333333
125	26559.6.09:00.60/0-4397.6.11:15.30/0-8996.6.14:00.90/0-28715.6.18:45.30/0-28016.6.20:00.30/0-	5	09:00:43	19:59:43	1.2194510731866665E7	0.004	14.483641062222144	16.000016666666667
126	15429.6.11:10.120/0-37369.6.14:35.30/0-48900.6.19:00.30/1-28449.6.21:15.30/0-	4	11:10:43	21:15:43	1.2139738955015088E7	0.0035	10.657381833836226	107.00028333333333
127	26163.6.10:10.60/0-11479.6.12:20.30/0-16049.6.15:10.120/0-33470.6.20:00.30/0-	4	10:10:43	19:49:43	1.2065979914338665E7	0.004	12.200613811288877	14.99935
128	3589.6.09:00.30/0-28449.6.13:00.30/0-6886.6.18:30.60/0-7786.6.20:00.30/0-	4	09:00:43	19:56:43	1.1752895680464257E7	0.0025	15.76347268214189	67.99985
129	9600.6.08:00.30/1-16589.6.09:00.60/0-45278.6.11:30.60/0-40494.6.12:45.60/0-	4	08:00:43	12:44:43	1.1467603429263212E7	0.0035	4.252997642107016	9.000216666666667
130	5876.6.08:40.60/0-13129.6.10:05.60/0-5721.6.11:20.90/0-29078.6.14:00.30/0-	4	08:40:43	13:58:43	1.1442637884426724E7	0.004	3.4206461475574925	9.0003
131	6927.6.08:00.30/0-9366.6.09:00.30/0-35172.6.10:30.120/0-	3	08:00:43	10:17:43	1.1392316843946792E7	0.003	1.7441114648930809	38.99988333333334
132	40237.6.08:00.60/0-40240.6.09:00.60/0-24725.6.10:20.60/0-6595.6.12:00.60/0-	4	08:00:43	11:57:43	1.1332741449531972E7	0.004	1.756631651065781	8.0007
133	17592.6.08:00.30/0-24976.6.09:00.60/0-3141.6.11:30.60/0-5867.6.12:45.60/0-	4	08:00:43	12:44:43	1.1232383311348535E7	0.0035	4.413527044951167	4.999616666666666
134	26574.6.08:00.30/0-27798.6.09:00.30/1-26672.6.10:15.60/0-26700.6.11:20.60/0-	4	08:00:43	11:19:43	1.1205354798206404E7	0.003	1.5108432735467887	36.000483333333335
135	1108.6.09:35.60/0-8228.6.10:50.60/0-29451.6.12:30.120/0-	3	09:35:43	12:26:43	1.1150743409923937E7	0.004	1.6894636641312222	5.000983333333333
136	26668.6.08:00.30/0-26579.6.09:00.60/0-32564.6.10:30.60/0-25518.6.11:45.60/0-	4	08:00:43	11:44:43	1.1112888970674375E7	0.0035	2.429849022479159	3.9998833333333335
137	34362.6.07:50.60/0-19790.6.09:00.45/1-46847.6.10:50.60/0-39089.6.13:20.60/0-	4	07:50:43	13:20:43	1.0892244707508571E7	0.00375	5.0737069169523545	14.00055
138	36740.6.09:10.60/0-37423.6.10:50.45/0-3946.6.12:30.60/0-19773.6.14:00.60/0-	4	09:10:43	13:59:43	1.0794034064437851E7	0.00375	3.802318814595043	12.9994
139	33472.6.10:00.240/0-44129.6.16:00.60/0-12566.6.18:00.30/0-16317.6.19:00.30/0-29444.6.20:00.30/0-	5	10:00:43	19:59:43	1.07760902134461E7	0.0065	7.202723781536596	26.000133333333334
140	30805.6.08:20.30/0-27064.6.10:15.30/0-47955.6.12:10.120/0-	3	08:20:43	11:47:43	1.0705331181594327E7	0.003	4.845156053144232	25.9996
141	33677.6.09:10.30/0-276.6.10:25.30/1-23219.6.11:40.60/0-13769.6.12:50.60/0-	4	09:10:43	12:46:43	1.0517307744939798E7	0.003	3.8652705803232768	24.000033333333334
142	22214.6.10:00.60/0-4247.6.13:30.90/0-37298.6.17:15.30/0-30235.6.20:45.30/0-	4	10:00:43	20:42:43	1.0410669588037085E7	0.0035	15.02306960123615	15.999616666666666
143	21097.6.08:00.120/1-4397.6.11:15.30/1-27220.6.13:45.30/0-43124.6.19:30.30/0-6237.6.21:30.30/0-	5	08:00:43	21:10:43	1.0280049159452386E7	0.004	18.66732198174616	42.000483333333335
144	40237.6.08:00.60/1-2484.6.09:05.45/0-1173.6.09:55.60/0-16688.6.12:00.60/0-	4	08:00:43	12:00:43	1.0212852783430986E7	0.00375	2.4294427810328436	3.9994833333333335
145	15696.6.08:00.30/0-19790.6.09:00.45/0-22492.6.09:50.60/0-3440.6.11:30.60/0-	4	08:00:43	11:29:43	1.0153461798542278E7	0.00325	2.4478099514092513	3.00045
146	44509.6.11:00.120/0-40747.6.13:30.90/0-24976.6.18:00.30/0-10290.6.20:50.30/0-	4	11:00:43	20:50:43	1.0118632592771513E7	0.0045	16.929662971908986	13.00065
147	47754.6.08:00.60/0-27064.6.10:15.30/1-26486.6.11:05.60/0-13456.6.13:00.60/0-	4	08:00:43	12:59:43	9918847.976973299	0.0035	6.941832181998342	13.000183333333334
148	897.6.09:00.60/0-28568.6.13:00.30/0-28619.6.14:20.30/1-13160.6.18:00.30/0-8858.6.20:10.30/0-	5	09:00:43	20:08:43	9845967.833086282	0.003	16.19767776954274	36.000616666666666
149	34456.6.09:00.30/1-4437.6.10:00.30/0-33329.6.12:00.60/0-52496.6.13:15.60/0-	4	09:00:43	13:14:43	9844030.379079463	0.003	4.133562635982096	12.000383333333334
150	43630.6.10:25.120/0-36919.6.17:00.60/0-28293.6.18:45.30/0-28348.6.20:00.60/0-	4	10:25:43	19:59:43	9838142.47335277	0.0045	11.937399111758955	8.000333333333334
151	24257.6.07:50.60/0-16487.6.09:05.30/0-37175.6.10:20.60/0-30703.6.11:50.30/0-30362.6.12:20.30/0-	5	07:50:43	12:20:43	9799610.634083254	0.0035	2.6527044694417943	12.000483333333333
152	26525.6.07:30.60/0-35985.6.10:00.30/0-27062.6.11:35.60/0-50104.6.13:30.60/0-	4	07:30:43	13:29:43	9742225.678478839	0.0035	6.741539282627983	8.99965
153	32805.6.09:00.60/0-2460.6.10:40.30/0-24429.6.12:00.60/0-833.6.13:30.60/0-	4	09:00:43	13:30:43	9593755.710236274	0.0035	3.792140341209076	7.99985
154	26347.6.07:50.60/0-27342.6.10:00.30/0-26232.6.11:30.60/0-42737.6.12:50.60/0-	4	07:50:43	12:50:43	9563449.640121805	0.0035	4.781604670726844	7.000016666666666
155	9471.6.08:45.60/0-276.6.10:25.30/0-423.6.11:30.60/0-615.6.12:40.60/0-	4	08:45:43	12:40:43	9559077.567626894	0.0035	2.636702254229751	7.9996
156	28293.6.08:00.30/0-4193.6.10:30.30/0-37047.6.11:55.60/0-8228.6.13:00.60/0-	4	08:00:43	13:00:43	9477084.554256	0.003	5.904835141866649	4.998983333333333
157	18097.6.09:00.30/0-35061.6.10:40.30/0-5917.6.12:00.120/0-	3	09:00:43	11:56:43	9415574.831011066	0.003	3.8519110337022147	5.000283333333333
158	30235.6.09:15.75/0-37298.6.13:30.30/0-26579.6.14:15.30/0-4797.6.19:20.30/0-16589.6.20:30.30/1-	5	09:15:43	20:26:43	9364710.992613818	0.00325	16.15691642046058	28.00005
159	35240.6.08:10.80/0-16317.6.09:40.30/0-4948.6.10:40.60/0-41144.6.12:00.30/0-1739.6.13:30.30/0-	5	08:10:43	13:30:43	9358129.806501342	0.003833333333333333	3.9372102167113887	4.000216666666667
160	47922.6.08:00.60/0-38384.6.10:15.30/0-28957.6.11:20.60/0-3321.6.13:00.60/0-	4	08:00:43	13:00:43	9328796.88549983	0.0035	4.960246183327659	2.999816666666667
161	36723.6.08:30.30/0-2240.6.09:35.30/0-30193.6.11:00.60/0-353.6.12:50.60/0-	4	08:30:43	12:49:43	9260196.25471307	0.003	4.673258490435655	1.9999666666666667
162	40191.6.08:00.60/0-16676.6.10:55.30/0-40731.6.14:10.60/0-29825.6.20:10.30/0-	4	08:00:43	19:58:43	9197027.018159427	0.003	18.569117271980893	23.999216666666666
163	833.6.09:10.60/0-1410.6.10:20.30/0-1240.6.11:05.60/0-12493.6.12:15.30/0-1410.6.12:50.30/0-	5	09:10:43	12:50:43	9159455.463033797	0.0035	1.3151654344599277	2.0
164	12614.6.08:00.30/0-34711.6.08:30.30/1-48388.6.09:10.80/0-2177.6.10:40.30/0-	4	08:00:43	10:40:43	8715973.684979182	0.0028333333333333335	0.5316728326393699	5.000383333333334
165	43756.6.11:00.120/0-43672.6.17:30.30/0-32564.6.18:15.30/0-26559.6.19:50.60/0-	4	11:00:43	19:48:43	8553404.335965892	0.004	16.668900131628	17.000433333333334
166	52094.6.11:00.180/0-8113.6.18:15.60/0-42978.6.21:30.30/0-	3	11:00:43	21:27:43	8446140.620174263	0.0045	11.53940400580874	44.9993
167	34655.6.09:00.270/0-26790.6.18:00.60/0-16688.6.20:45.30/0-31338.6.21:30.30/0-	4	09:00:43	21:29:43	8418364.295057505	0.0065	12.611393168583481	14.000366666666666
168	3568.6.09:30.60/0-27342.6.13:30.30/0-28619.6.14:20.30/0-53123.6.18:40.30/0-46213.6.20:30.30/0-	5	09:30:43	20:29:43	8184972.071330701	0.003	16.83298571102336	7.9997
169	46976.6.09:10.60/0-6927.6.13:20.30/0-26574.6.18:45.30/0-45556.6.20:00.30/0-28619.6.21:00.30/1-	5	09:10:43	20:59:43	8115929.681963245	0.003	18.53000606544151	6.000483333333333
170	15855.6.09:05.60/0-52307.6.11:25.30/0-47464.6.12:10.60/0-15342.6.13:15.30/0-	4	09:05:43	13:15:43	7891561.382427925	0.003	3.050762747597501	10.000633333333333
171	33419.6.08:30.30/0-33078.6.10:00.30/0-13373.6.10:40.60/0-12614.6.13:00.30/0-	4	08:30:43	12:58:43	7882254.097524121	0.0025	7.111388209539375	9.000433333333334
172	487.6.07:50.30/0-37369.6.08:35.30/0-1647.6.09:20.60/0-12409.6.10:35.30/0-	4	07:50:43	10:31:43	7836005.477660264	0.0025	1.8015572163465219	9.999566666666666
173	7333.6.11:00.120/0-48900.6.14:30.30/1-28449.6.16:45.30/0-33054.6.20:05.60/0-	4	11:00:43	20:01:43	7801989.534921771	0.004	12.065334497392367	4.000483333333333
174	44368.6.10:05.60/0-1565.6.11:15.30/0-35135.6.12:20.90/0-	3	10:05:43	12:17:43	7541566.324381588	0.003	1.3870274793862643	4.99925
175	33054.6.09:05.60/0-1999.6.10:30.30/0-47605.6.11:10.60/0-351.6.12:15.30/0-	4	09:05:43	12:14:43	7477610.384154877	0.003	1.2539961384958929	3.999833333333333
176	9021.6.09:00.30/0-33078.6.10:10.30/0-29451.6.12:00.60/0-5242.6.13:30.30/1-	4	09:00:43	13:29:43	7469002.6095387265	0.0025	4.965970317957549	2.000383333333333
177	11479.6.09:00.60/0-40546.6.10:15.30/0-16570.6.11:55.90/0-	3	09:00:43	11:53:43	7404194.797215546	0.003	2.806243240518178	2.0001166666666665
178	37238.6.10:00.60/0-29825.6.14:00.30/0-15339.6.18:15.30/0-48153.6.19:50.30/0-	4	10:00:43	19:50:43	6343689.728343569	0.0025	15.455674278118945	8.000316666666667
179	6154.6.09:10.60/0-9366.6.13:30.30/1-27220.6.19:00.30/0-4886.6.21:30.30/0-	4	09:10:43	21:29:43	6316470.381604355	0.0025	20.54996272014517	4.999516666666667
180	36821.6.09:00.60/0-3927.6.11:00.60/0-930.6.12:30.30/0-	3	09:00:43	12:29:43	6140858.306516785	0.0025	2.696693550559513	10.999283333333333
181	34950.6.10:10.180/0-1999.6.14:35.60/0-27550.6.18:30.30/0-	3	10:10:43	18:26:43	6133465.907203337	0.0045	8.44728024011122	8.000783333333333
182	1569.6.08:20.30/0-15704.6.08:55.30/0-46840.6.10:10.30/1-12566.6.11:00.30/0-	4	08:20:43	10:59:43	5826479.5829866305	0.002	2.2165027662209935	5.999733333333333
183	1785.6.08:00.30/0-33419.6.08:30.30/1-21604.6.09:30.30/0-13984.6.11:00.30/0-	4	08:00:43	10:59:43	5727378.951293656	0.002	2.9129150431218687	3.99985
184	47784.6.08:00.60/0-34934.6.09:10.30/0-54041.6.10:00.60/0-	3	08:00:43	09:56:43	5726611.512466716	0.0025	0.8870337488905258	5.0
185	17886.6.07:45.60/0-15342.6.09:30.60/0-11744.6.11:40.30/0-	3	07:45:43	11:39:43	5693448.637359561	0.0025	5.673615201311398	2.9996
186	43868.6.10:00.120/0-31237.6.12:20.90/0-	2	10:00:43	12:18:43	5538350.878471448	0.0035	0.9184772569057371	1.9996833333333333
187	7428.6.08:45.90/0-2493.6.10:50.60/0-4650.6.12:30.30/0-	3	08:45:43	12:29:43	5535074.76135874	0.003	2.502442045291336	1.0000166666666668
188	2687.6.08:30.60/0-45818.6.11:15.30/0-5255.6.13:00.30/0-	3	08:30:43	12:54:43	5491937.997910375	0.002	5.062816597012484	29.000883333333334
189	25866.6.08:50.60/0-1011.6.11:00.60/0-	2	08:50:43	10:47:43	4437320.560486652	0.002	2.8685113576659282	12.999166666666667
190	1902.6.08:30.30/0-30193.6.09:45.30/0-24742.6.11:00.30/0-	3	08:30:43	10:58:43	4280790.764751268	0.0015	2.6926088250422553	10.0002
191	32002.6.09:00.60/0-42978.6.10:30.30/1-11744.6.11:30.30/0-	3	09:00:43	11:30:43	4251651.209324335	0.002	1.7215903108111674	10.00005
192	31242.6.08:00.60/0-40693.6.11:30.60/0-	2	08:00:43	11:23:43	4163811.5328831514	0.002	4.793501096105042	7.0001
193	16688.6.08:00.60/0-4437.6.10:00.30/1-5242.6.10:45.30/1-	3	08:00:43	10:45:43	4148291.46032316	0.002	2.275398677438665	8.000483333333333
194	33070.6.09:00.60/0-36402.6.12:10.60/0-	2	09:00:43	12:04:43	4084003.167316411	0.002	4.133655577213701	5.999883333333333
195	44852.6.08:00.90/0-7497.6.10:30.60/0-	2	08:00:43	10:25:43	3955528.1775979837	0.0025	1.8507559199327952	5.000083333333333
196	25839.6.07:45.60/0-46840.6.10:10.30/0-23122.6.11:55.30/0-	3	07:45:43	11:55:43	3937989.0785827516	0.002	5.267452619425059	2.999416666666667
197	17908.6.08:00.60/0-48331.6.09:40.30/0-11990.6.11:00.30/0-	3	08:00:43	11:00:43	3927053.6934310636	0.002	2.899773114368792	4.001
198	1014.6.09:30.60/0-24742.6.11:20.60/0-	2	09:30:43	11:16:43	3886986.264867152	0.002	1.5653921622384075	4.0004
199	1014.6.09:30.60/1-1113.6.10:40.30/0-23830.6.11:40.30/0-	3	09:30:43	11:39:43	3876859.954413927	0.002	1.2279818137975669	4.000333333333334
200	7612.6.08:00.60/0-7583.6.10:20.60/0-	2	08:00:43	10:17:43	3857840.5677721086	0.002	3.8933117219387583	2.9995666666666665
201	40730.6.10:00.60/0-37536.6.12:05.60/0-	2	10:00:43	12:02:43	3842052.6846592883	0.002	3.1036175662977388	2.9996666666666667
202	5962.6.09:00.60/0-40747.6.11:00.60/0-	2	09:00:43	10:57:43	3837787.476808131	0.002	2.8888071737398895	3.000183333333333
203	45556.6.08:30.60/0-45276.6.12:15.60/0-	2	08:30:43	12:14:43	3824670.323955575	0.002	8.236299531112094	0.9990666666666667
204	33059.6.08:30.60/0-31302.6.10:00.60/0-	2	08:30:43	09:57:43	3807626.745022186	0.002	1.3813705844426365	2.9999833333333332
205	4886.6.08:00.60/0-7351.6.10:10.60/0-	2	08:00:43	10:08:43	3788780.4301631874	0.002	2.292097672106255	2.0002833333333334
206	42796.6.09:10.60/0-4302.6.11:15.60/0-	2	09:10:43	11:13:43	3783508.02287857	0.002	2.116184095952339	2.000366666666667
207	45400.6.10:00.90/0-37455.6.11:50.60/0-	2	10:00:43	11:48:43	3738184.7900535446	0.0025	0.9075228360105706	2.000566666666667
208	4555.6.08:30.90/0-8755.6.11:40.60/0-	2	08:30:43	11:40:43	3700254.9524589404	0.0025	3.3410484152980207	3.8333333333333334E-4
209	9261.6.08:30.60/0-52660.6.11:30.60/0-	2	08:30:43	11:29:43	3779175.9553684406	0.002	5.961281101755373	0.9991666666666666
210	40239.6.09:00.60/0-9473.6.10:45.60/0-	2	09:00:43	10:43:43	3763319.689698254	0.002	1.444272989941813	1.99985
211	5819.6.07:45.90/0-13160.6.10:05.30/0-22299.6.11:20.30/0-	3	07:45:43	11:19:43	3755658.114636707	0.0025	3.188620487890228	0.9999833333333333
212	27550.6.09:00.60/0-26512.6.11:20.60/0-	2	09:00:43	11:19:43	3739553.7744447896	0.002	3.978322055572804	0.9997833333333334
213	34983.6.09:30.60/0-17285.6.11:30.60/0-	2	09:30:43	11:29:43	3719264.315703211	0.002	2.9606491184938877	1.00085
214	43125.6.10:30.270/0-29825.6.20:10.30/1-	2	10:30:43	19:43:43	3703129.3754877457	0.005	14.157302107720627	26.999716666666668
215	52314.6.09:30.90/0-15696.6.12:30.30/0-46259.6.13:10.30/0-	3	09:30:43	13:10:43	3700801.951905272	0.0025	3.358648396842394	7.0E-4
216	25097.6.10:10.60/0-11969.6.11:50.60/0-	2	10:10:43	11:49:43	3699049.649039705	0.002	1.95421578531857	0.9994166666666666
217	16278.6.08:00.60/0-10290.6.10:20.60/0-	2	08:00:43	10:20:43	3680769.1258868156	0.002	4.037389627674103	3.5E-4
218	2884.6.09:15.60/0-52497.6.10:30.60/0-	2	09:15:43	10:29:43	3674063.072500636	0.002	0.4677524166878551	1.0005
219	30139.6.07:50.60/0-53292.6.10:00.60/0-	2	07:50:43	10:00:43	3670104.591538699	0.002	2.335803051289958	5.0E-4
220	346.6.08:45.90/0-2493.6.10:50.30/0-34403.6.11:30.30/0-	3	08:45:43	11:30:43	3646289.421098193	0.0025	1.5421973699397695	3.8333333333333334E-4
221	9294.6.09:50.60/0-32425.6.11:30.60/0-	2	09:50:43	11:30:43	3640992.663224587	0.002	2.048566494562705	3.5E-4
222	12642.6.09:00.60/0-8113.6.10:30.60/0-	2	09:00:43	10:30:43	3630788.9418875366	0.002	1.0245147295845574	8.833333333333333E-4
223	48984.6.09:00.60/0-34820.6.10:30.60/0-	2	09:00:43	10:30:43	3630773.923585067	0.002	1.5385795125866943	3.3333333333333335E-5
224	49765.6.10:00.60/0-21357.6.11:30.60/0-	2	10:00:43	11:30:43	3630040.138856441	0.002	1.50189027615537	3.3333333333333335E-5
225	6044.6.09:05.60/0-3647.6.10:30.60/0-	2	09:05:43	10:30:43	3625528.9043744584	0.002	1.2761285520562444	1.0E-4
226	16289.6.09:40.60/0-29815.6.11:00.60/0-	2	09:40:43	11:00:43	3620540.04844622	0.002	0.6846516148739887	0.0
227	23213.6.09:40.60/0-38886.6.10:45.60/0-	2	09:40:43	10:45:43	3605344.736707253	0.002	0.17814122357509002	0.0
277023